<?xml version="1.0" encoding="UTF-8"?>
<project-private xmlns="http://www.netbeans.org/ns/project-private/1">
    <editor-bookmarks xmlns="http://www.netbeans.org/ns/editor-bookmarks/2" lastBookmarkId="0"/>
    <open-files xmlns="http://www.netbeans.org/ns/projectui-open-files/2">
        <group>
            <file>file:/Users/panchengwang/Education/OpenLayerTest/web/jslib/MapControl/QQ.js</file>
            <file>file:/Users/panchengwang/Education/OpenLayerTest/build.xml</file>
            <file>file:/Users/panchengwang/Education/OpenLayerTest/web/jslib/Desktop.js</file>
            <file>file:/Users/panchengwang/Education/OpenLayerTest/web/jslib/MapControl/MapControl_V1.js</file>
            <file>file:/Users/panchengwang/Education/OpenLayerTest/web/OpenLayersAndGoogleMap.html</file>
            <file>file:/Users/panchengwang/Education/OpenLayerTest/web/jslib/MapControl/MapControl.js</file>
            <file>file:/Users/panchengwang/Education/OpenLayerTest/web/BackgroundSwitch.html</file>
            <file>file:/Users/panchengwang/Education/OpenLayerTest/web/desktop.css</file>
            <file>file:/Users/panchengwang/Education/OpenLayerTest/web/jslib/InitUI.js</file>
            <file>file:/Users/panchengwang/Education/OpenLayerTest/web/index.html</file>
            <file>file:/Users/panchengwang/Education/OpenLayerTest/web/jslib/uuid.js</file>
            <file>file:/Users/panchengwang/Education/OpenLayerTest/web/jslib/MapControl/MarsWGS84.js</file>
            <file>file:/Users/panchengwang/Education/OpenLayerTest/web/jslib/MapControl/EditorTools.js</file>
        </group>
    </open-files>
</project-private>
